{
  "version": 1,
  "author": "Beatrice&Michael",
  "editor": "wokwi",
  "parts": [
    { "type": "board-esp32-devkit-c-v4", "id": "esp", "top": -19.2, "left": -321.56, "attrs": {} },
    {
      "type": "board-ili9341-cap-touch",
      "id": "lcd1",
      "top": -85.64,
      "left": -125.18,
      "attrs": {}
    }
  ],
  "connections": [
    [ "esp:TX", "$serialMonitor:RX", "", [] ],
    [ "esp:RX", "$serialMonitor:TX", "", [] ],
    [ "lcd1:VCC", "esp:5V", "red", [ "v19.2", "h-230.4" ] ],
    [ "lcd1:GND", "esp:GND.2", "black", [ "v28.8", "h-124.8", "v-220.8", "h-9.6" ] ],
    [ "esp:5", "lcd1:CS", "green", [ "h9.6", "v144", "h144" ] ],
    [ "esp:4", "lcd1:D/C", "green", [ "h28.8", "v124.8", "h144" ] ],
    [ "esp:15", "lcd1:RST", "green", [ "v0", "h48", "v105.6", "h115.2" ] ]
  ],
  "dependencies": {}
}