{
  "version": 1,
  "author": "Beatrice&Michael",
  "editor": "wokwi",
  "parts": [
    { "type": "board-esp32-devkit-c-v4", "id": "esp", "top": -19.2, "left": -331.16, "attrs": {} },
    {
      "type": "board-ili9341-cap-touch",
      "id": "lcd1",
      "top": -87.68,
      "left": -14.46,
      "rotate": 90,
      "attrs": {}
    },
    {
      "type": "wokwi-led",
      "id": "led1",
      "top": -118.8,
      "left": -226.6,
      "attrs": { "color": "limegreen" }
    },
    {
      "type": "wokwi-resistor",
      "id": "r1",
      "top": -43.75,
      "left": -347,
      "rotate": 180,
      "attrs": { "value": "1000" }
    },
    {
      "type": "wokwi-neopixel",
      "id": "rgb1",
      "top": -63.5,
      "left": -68,
      "rotate": 180,
      "attrs": {}
    },
    {
      "type": "wokwi-neopixel",
      "id": "rgb2",
      "top": -51.5,
      "left": -39.4,
      "rotate": 180,
      "attrs": {}
    },
    {
      "type": "wokwi-neopixel",
      "id": "rgb3",
      "top": -51.5,
      "left": -10.6,
      "rotate": 180,
      "attrs": {}
    },
    {
      "type": "wokwi-neopixel",
      "id": "rgb4",
      "top": -51.5,
      "left": 18.2,
      "rotate": 180,
      "attrs": {}
    },
    {
      "type": "wokwi-neopixel",
      "id": "rgb5",
      "top": -51.5,
      "left": 47,
      "rotate": 180,
      "attrs": {}
    },
    {
      "type": "wokwi-neopixel",
      "id": "rgb6",
      "top": -51.5,
      "left": 75.8,
      "rotate": 180,
      "attrs": {}
    },
    {
      "type": "wokwi-neopixel",
      "id": "rgb7",
      "top": -51.5,
      "left": 104.6,
      "rotate": 180,
      "attrs": {}
    },
    {
      "type": "wokwi-neopixel",
      "id": "rgb8",
      "top": -51.5,
      "left": 133.4,
      "rotate": 180,
      "attrs": {}
    },
    { "type": "wokwi-neopixel", "id": "rgb9", "top": 207.7, "left": -68.2, "attrs": {} },
    { "type": "wokwi-neopixel", "id": "rgb10", "top": 207.7, "left": -39.4, "attrs": {} },
    { "type": "wokwi-neopixel", "id": "rgb11", "top": 207.7, "left": -10.6, "attrs": {} },
    { "type": "wokwi-neopixel", "id": "rgb12", "top": 207.7, "left": 18.2, "attrs": {} },
    { "type": "wokwi-neopixel", "id": "rgb13", "top": 207.7, "left": 47, "attrs": {} },
    { "type": "wokwi-neopixel", "id": "rgb14", "top": 207.7, "left": 75.8, "attrs": {} },
    { "type": "wokwi-neopixel", "id": "rgb15", "top": 207.7, "left": 104.6, "attrs": {} },
    { "type": "wokwi-neopixel", "id": "rgb16", "top": 207.7, "left": 133.4, "attrs": {} },
    {
      "type": "wokwi-neopixel",
      "id": "rgb17",
      "top": -51.5,
      "left": 162.2,
      "rotate": 180,
      "attrs": {}
    },
    {
      "type": "wokwi-neopixel",
      "id": "rgb18",
      "top": -51.5,
      "left": 191,
      "rotate": 180,
      "attrs": {}
    },
    {
      "type": "wokwi-neopixel",
      "id": "rgb19",
      "top": -51.5,
      "left": 219.8,
      "rotate": 180,
      "attrs": {}
    },
    {
      "type": "wokwi-neopixel",
      "id": "rgb20",
      "top": -51.5,
      "left": 248.6,
      "rotate": 180,
      "attrs": {}
    },
    { "type": "wokwi-neopixel", "id": "rgb21", "top": 207.7, "left": 162.2, "attrs": {} },
    { "type": "wokwi-neopixel", "id": "rgb22", "top": 207.7, "left": 191, "attrs": {} },
    { "type": "wokwi-neopixel", "id": "rgb23", "top": 207.7, "left": 219.8, "attrs": {} },
    {
      "type": "wokwi-neopixel",
      "id": "rgb24",
      "top": 207.7,
      "left": 248.6,
      "rotate": 270,
      "attrs": {}
    },
    {
      "type": "wokwi-neopixel",
      "id": "rgb25",
      "top": 178.9,
      "left": 248.6,
      "rotate": 270,
      "attrs": {}
    },
    {
      "type": "wokwi-neopixel",
      "id": "rgb26",
      "top": 150.1,
      "left": 248.6,
      "rotate": 270,
      "attrs": {}
    },
    {
      "type": "wokwi-neopixel",
      "id": "rgb27",
      "top": 121.3,
      "left": 248.6,
      "rotate": 270,
      "attrs": {}
    },
    {
      "type": "wokwi-neopixel",
      "id": "rgb28",
      "top": 92.5,
      "left": 248.6,
      "rotate": 270,
      "attrs": {}
    },
    {
      "type": "wokwi-neopixel",
      "id": "rgb29",
      "top": -22.7,
      "left": 248.6,
      "rotate": 270,
      "attrs": {}
    },
    {
      "type": "wokwi-neopixel",
      "id": "rgb30",
      "top": 34.9,
      "left": 248.6,
      "rotate": 270,
      "attrs": {}
    },
    {
      "type": "wokwi-neopixel",
      "id": "rgb31",
      "top": 63.7,
      "left": 248.6,
      "rotate": 270,
      "attrs": {}
    },
    {
      "type": "wokwi-neopixel",
      "id": "rgb32",
      "top": 6.1,
      "left": 248.6,
      "rotate": 270,
      "attrs": {}
    }
  ],
  "connections": [
    [ "esp:TX", "$serialMonitor:RX", "", [] ],
    [ "esp:RX", "$serialMonitor:TX", "", [] ],
    [ "lcd1:VCC", "esp:5V", "red", [ "h-28.8", "v-134.4", "h-288", "v307.2" ] ],
    [ "lcd1:GND", "esp:GND.2", "black", [ "h-48", "v-9.6" ] ],
    [ "esp:5", "lcd1:CS", "cyan", [ "h76.8", "v-67.2", "h86.4" ] ],
    [ "esp:4", "lcd1:D/C", "cyan", [ "h86.4", "v-76.8", "h76.8" ] ],
    [ "esp:15", "lcd1:RST", "cyan", [ "h96", "v-115.2", "h67.2" ] ],
    [ "led1:C", "esp:GND.1", "black", [ "v19.2", "h-153.2", "v192" ] ],
    [ "led1:A", "r1:1", "green", [ "v38.4" ] ],
    [ "r1:2", "esp:14", "green", [ "v153.9", "h-0.2" ] ],
    [ "lcd1:MOSI", "esp:23", "cyan", [ "h-144", "v-38.4" ] ],
    [ "lcd1:SCK", "esp:18", "cyan", [ "h-153.6", "v19.2" ] ],
    [ "lcd1:MISO", "esp:19", "cyan", [ "h-144", "v-9.6" ] ],
    [
      "rgb1:VDD",
      "esp:5V",
      "red",
      [ "h0", "v9.6", "h-67.2", "v-105.6", "h-278.4", "v336", "h67.2" ]
    ],
    [ "rgb1:VSS", "esp:GND.2", "black", [ "v0.9", "h-66.4", "v57.6", "h-96" ] ],
    [ "rgb1:DIN", "esp:2", "purple", [ "h-56.8", "v192" ] ],
    [ "rgb1:DOUT", "rgb2:DIN", "purple", [ "h0" ] ],
    [ "rgb2:DOUT", "rgb3:DIN", "purple", [ "h0" ] ],
    [ "rgb3:DOUT", "rgb4:DIN", "purple", [ "h0" ] ],
    [ "rgb4:DOUT", "rgb5:DIN", "purple", [ "h0" ] ],
    [ "rgb5:DOUT", "rgb6:DIN", "purple", [ "h0" ] ],
    [ "rgb6:DOUT", "rgb7:DIN", "purple", [ "h0" ] ],
    [ "rgb7:DOUT", "rgb8:DIN", "purple", [ "h0" ] ],
    [ "rgb8:DOUT", "rgb17:DIN", "purple", [ "h0" ] ],
    [ "rgb17:DOUT", "rgb18:DIN", "purple", [ "h0" ] ],
    [ "rgb18:DOUT", "rgb19:DIN", "purple", [ "h0" ] ],
    [ "rgb19:DOUT", "rgb20:DIN", "purple", [ "h0" ] ],
    [ "rgb20:DOUT", "rgb29:DIN", "purple", [ "h9.8", "v17.7", "h-25.3" ] ],
    [ "rgb29:DOUT", "rgb32:DIN", "purple", [ "v0" ] ],
    [ "rgb32:DOUT", "rgb30:DIN", "purple", [ "v0" ] ],
    [ "rgb30:DOUT", "rgb31:DIN", "purple", [ "v0" ] ],
    [ "rgb31:DOUT", "rgb28:DIN", "purple", [ "v0" ] ],
    [ "rgb28:DOUT", "rgb27:DIN", "purple", [ "v0" ] ],
    [ "rgb27:DOUT", "rgb26:DIN", "purple", [ "v0" ] ],
    [ "rgb26:DOUT", "rgb25:DIN", "purple", [ "v0" ] ],
    [ "rgb25:DOUT", "rgb24:DIN", "purple", [ "v0" ] ],
    [ "rgb24:DOUT", "rgb23:DIN", "purple", [ "v13.3", "h-14", "v-28.8" ] ],
    [ "rgb22:DIN", "rgb23:DOUT", "purple", [ "h0" ] ],
    [ "rgb22:DOUT", "rgb21:DIN", "purple", [ "h0" ] ],
    [ "rgb21:DOUT", "rgb16:DIN", "purple", [ "h0" ] ],
    [ "rgb16:DOUT", "rgb15:DIN", "purple", [ "h0" ] ],
    [ "rgb15:DOUT", "rgb14:DIN", "purple", [ "h0" ] ],
    [ "rgb14:DOUT", "rgb13:DIN", "purple", [ "h0" ] ],
    [ "rgb13:DOUT", "rgb12:DIN", "purple", [ "h0" ] ],
    [ "rgb12:DOUT", "rgb11:DIN", "purple", [ "h0" ] ],
    [ "rgb11:DOUT", "rgb10:DIN", "purple", [ "h0" ] ],
    [ "rgb10:DOUT", "rgb9:DIN", "purple", [ "h0" ] ]
  ],
  "dependencies": {}
}